{"0": {"precision": 0.8928571428571429, "recall": 0.8620689655172413, "f1-score": 0.8771929824561403, "support": 29.0}, "1": {"precision": 0.8787878787878788, "recall": 0.90625, "f1-score": 0.8923076923076924, "support": 32.0}, "accuracy": 0.8852459016393442, "macro avg": {"precision": 0.8858225108225108, "recall": 0.8841594827586207, "f1-score": 0.8847503373819163, "support": 61.0}, "weighted avg": {"precision": 0.8854765453126109, "recall": 0.8852459016393442, "f1-score": 0.8851220105749872, "support": 61.0}}