{
  "loss": 0.2504193186759949,
  "accuracy": 0.9049586653709412,
  "val_loss": 0.3637864887714386,
  "val_accuracy": 0.8360655903816223,
  "epoch": 9,
  "global_step": 160
}