{
  "loss": 0.2892649173736572,
  "accuracy": 0.8842975497245789,
  "val_loss": 0.2970576882362366,
  "val_accuracy": 0.868852436542511,
  "epoch": 9,
  "global_step": 160
}