{"0": {"precision": 0.84375, "recall": 0.9310344827586207, "f1-score": 0.8852459016393442, "support": 29.0}, "1": {"precision": 0.9310344827586207, "recall": 0.84375, "f1-score": 0.8852459016393442, "support": 32.0}, "accuracy": 0.8852459016393442, "macro avg": {"precision": 0.8873922413793103, "recall": 0.8873922413793103, "f1-score": 0.8852459016393442, "support": 61.0}, "weighted avg": {"precision": 0.8895385811192763, "recall": 0.8852459016393442, "f1-score": 0.8852459016393442, "support": 61.0}}