{
  "loss": 0.29052242636680603,
  "accuracy": 0.8842975497245789,
  "val_loss": 0.269731730222702,
  "val_accuracy": 0.8524590134620667,
  "epoch": 9,
  "global_step": 310
}