{
  "loss": 0.2264895737171173,
  "accuracy": 0.8811880946159363,
  "val_loss": 2.6708171367645264,
  "val_accuracy": 0.3112195134162903,
  "epoch": 9,
  "global_step": 190
}