{
  "loss": 0.3548733592033386,
  "accuracy": 0.8884297609329224,
  "val_loss": 0.32677310705184937,
  "val_accuracy": 0.8360655903816223,
  "epoch": 7,
  "global_step": 128
}