{
  "loss": 0.2739153206348419,
  "accuracy": 0.8925619721412659,
  "val_loss": 0.29384902119636536,
  "val_accuracy": 0.8524590134620667,
  "epoch": 9,
  "global_step": 160
}