{"0": {"precision": 0.8, "recall": 0.8275862068965517, "f1-score": 0.8135593220338984, "support": 29.0}, "1": {"precision": 0.8387096774193549, "recall": 0.8125, "f1-score": 0.8253968253968254, "support": 32.0}, "accuracy": 0.819672131147541, "macro avg": {"precision": 0.8193548387096774, "recall": 0.8200431034482758, "f1-score": 0.8194780737153619, "support": 61.0}, "weighted avg": {"precision": 0.8203067160232682, "recall": 0.819672131147541, "f1-score": 0.8197691598636305, "support": 61.0}}