{
  "loss": 0.273850679397583,
  "accuracy": 0.8884297609329224,
  "val_loss": 0.325333833694458,
  "val_accuracy": 0.868852436542511,
  "epoch": 8,
  "global_step": 144
}