{"0": {"precision": 0.8709677419354839, "recall": 0.9310344827586207, "f1-score": 0.9, "support": 29.0}, "1": {"precision": 0.9333333333333333, "recall": 0.875, "f1-score": 0.9032258064516129, "support": 32.0}, "accuracy": 0.9016393442622951, "macro avg": {"precision": 0.9021505376344086, "recall": 0.9030172413793103, "f1-score": 0.9016129032258065, "support": 61.0}, "weighted avg": {"precision": 0.9036841177507492, "recall": 0.9016393442622951, "f1-score": 0.9016922263352722, "support": 61.0}}