{
  "loss": 0.17697890102863312,
  "accuracy": 0.9462810158729553,
  "val_loss": 0.38424864411354065,
  "val_accuracy": 0.8360655903816223,
  "epoch": 12,
  "global_step": 208
}