{
  "loss": 0.12759268283843994,
  "accuracy": 0.9414634108543396,
  "val_loss": 6.452618598937988,
  "val_accuracy": 0.2343234270811081,
  "epoch": 8,
  "global_step": 585
}