{
  "loss": 0.24051479995250702,
  "accuracy": 0.9008264541625977,
  "val_loss": 0.2793595492839813,
  "val_accuracy": 0.9180327653884888,
  "epoch": 9,
  "global_step": 160
}