{"0": {"precision": 0.2440944881889764, "recall": 0.18902439024390244, "f1-score": 0.21305841924398625, "support": 164.0}, "1": {"precision": 0.24431818181818182, "recall": 0.30935251798561153, "f1-score": 0.273015873015873, "support": 139.0}, "accuracy": 0.24422442244224424, "macro avg": {"precision": 0.2442063350035791, "recall": 0.24918845411475699, "f1-score": 0.2430371461299296, "support": 303.0}, "weighted avg": {"precision": 0.24419710671854586, "recall": 0.24422442244224424, "f1-score": 0.24056365381260755, "support": 303.0}}