{"0": {"precision": 0.2865979381443299, "recall": 0.2785571142284569, "f1-score": 0.28252032520325204, "support": 499.0}, "1": {"precision": 0.3333333333333333, "recall": 0.34220532319391633, "f1-score": 0.33771106941838647, "support": 526.0}, "accuracy": 0.31121951219512195, "macro avg": {"precision": 0.3099656357388316, "recall": 0.3103812187111866, "f1-score": 0.3101156973108192, "support": 1025.0}, "weighted avg": {"precision": 0.3105811750901014, "recall": 0.31121951219512195, "f1-score": 0.3108425997956039, "support": 1025.0}}