{"0": {"precision": 0.7941176470588235, "recall": 0.9310344827586207, "f1-score": 0.8571428571428571, "support": 29.0}, "1": {"precision": 0.9259259259259259, "recall": 0.78125, "f1-score": 0.847457627118644, "support": 32.0}, "accuracy": 0.8524590163934426, "macro avg": {"precision": 0.8600217864923747, "recall": 0.8561422413793103, "f1-score": 0.8523002421307506, "support": 61.0}, "weighted avg": {"precision": 0.8632629736776313, "recall": 0.8524590163934426, "f1-score": 0.8520620807367125, "support": 61.0}}