{"0": {"precision": 0.8214285714285714, "recall": 0.7931034482758621, "f1-score": 0.8070175438596491, "support": 29.0}, "1": {"precision": 0.8181818181818182, "recall": 0.84375, "f1-score": 0.8307692307692308, "support": 32.0}, "accuracy": 0.819672131147541, "macro avg": {"precision": 0.8198051948051948, "recall": 0.818426724137931, "f1-score": 0.81889338731444, "support": 61.0}, "weighted avg": {"precision": 0.8197253566106025, "recall": 0.819672131147541, "f1-score": 0.8194774451892658, "support": 61.0}}