{"0": {"precision": 0.8064516129032258, "recall": 0.8620689655172413, "f1-score": 0.8333333333333334, "support": 29.0}, "1": {"precision": 0.8666666666666667, "recall": 0.8125, "f1-score": 0.8387096774193549, "support": 32.0}, "accuracy": 0.8360655737704918, "macro avg": {"precision": 0.8365591397849462, "recall": 0.8372844827586207, "f1-score": 0.8360215053763441, "support": 61.0}, "weighted avg": {"precision": 0.8380398378283096, "recall": 0.8360655737704918, "f1-score": 0.8361537105587873, "support": 61.0}}