{
  "loss": 0.2321520298719406,
  "accuracy": 0.9173553586006165,
  "val_loss": 0.37230393290519714,
  "val_accuracy": 0.868852436542511,
  "epoch": 13,
  "global_step": 224
}