{"0": {"precision": 0.896551724137931, "recall": 0.896551724137931, "f1-score": 0.896551724137931, "support": 29.0}, "1": {"precision": 0.90625, "recall": 0.90625, "f1-score": 0.90625, "support": 32.0}, "accuracy": 0.9016393442622951, "macro avg": {"precision": 0.9014008620689655, "recall": 0.9014008620689655, "f1-score": 0.9014008620689655, "support": 61.0}, "weighted avg": {"precision": 0.9016393442622951, "recall": 0.9016393442622951, "f1-score": 0.9016393442622951, "support": 61.0}}