{
  "loss": 0.27791479229927063,
  "accuracy": 0.8801652789115906,
  "val_loss": 0.36335018277168274,
  "val_accuracy": 0.8524590134620667,
  "epoch": 8,
  "global_step": 144
}