{
  "loss": 0.2839677929878235,
  "accuracy": 0.8842975497245789,
  "val_loss": 0.30624985694885254,
  "val_accuracy": 0.8852459192276001,
  "epoch": 9,
  "global_step": 160
}